{"cameraMode":{"drawMode":0,"name":"Shaded","section":"Shading Mode"},"sceneLighting":true,"audioPlay":false,"sceneViewState":{"m_AlwaysRefresh":false,"showFog":true,"showSkybox":true,"showFlares":true,"showImageEffects":true,"showParticleSystems":true,"showVisualEffectGraphs":true,"m_FxEnabled":true},"in2DMode":false,"pivot":{"x":-5.220000267028809,"y":6.960000038146973,"z":-416.20001220703127},"rotation":{"x":0.006244966760277748,"y":0.9935372471809387,"z":-0.08997084945440293,"w":0.06896317005157471},"size":13.179147720336914,"orthographic":false}